{
  "Baseline LR": {
    "pr_auc": 0.7189345491364825,
    "roc_auc": 0.9720926514246666,
    "threshold": 0.9999782217074442,
    "f2": 0.8249496981889265,
    "precision@thr": 0.780952380952381,
    "recall@thr": 0.8367346938775511,
    "confusion_matrix@thr": [
      [
        56840,
        24
      ],
      [
        16,
        82
      ]
    ]
  },
  "LR + SMOTE (grid)": {
    "pr_auc": 0.724349270367579,
    "roc_auc": 0.9709665309567834,
    "threshold": 0.999994712878301,
    "f2": 0.8266129032255993,
    "precision@thr": 0.7884615384615384,
    "recall@thr": 0.8367346938775511,
    "confusion_matrix@thr": [
      [
        56841,
        23
      ],
      [
        16,
        82
      ]
    ]
  },
  "RandomForest": {
    "pr_auc": 0.8622748060998633,
    "roc_auc": 0.9514541677672756,
    "threshold": 0.16333333333333333,
    "f2": 0.8686868686866627,
    "precision@thr": 0.8349514563106796,
    "recall@thr": 0.8775510204081632,
    "confusion_matrix@thr": [
      [
        56846,
        18
      ],
      [
        12,
        86
      ]
    ]
  },
  "XGBoost": {
    "pr_auc": 0.870119964776624,
    "roc_auc": 0.9808852916518324,
    "threshold": 0.849485456943512,
    "f2": 0.8402489626554119,
    "precision@thr": 0.9,
    "recall@thr": 0.826530612244898,
    "confusion_matrix@thr": [
      [
        56854,
        10
      ],
      [
        17,
        81
      ]
    ]
  }
}