{
  "LR + SMOTE (grid)": {
    "pr_auc": 0.7196815385296881,
    "roc_auc": 0.9707624098457616,
    "threshold": 0.9999976218848039,
    "precision": 0.7961165048543689,
    "recall": 0.8367346938775511,
    "f1": 0.8159203980099502,
    "confusion_matrix": [
      [
        56843,
        21
      ],
      [
        16,
        82
      ]
    ]
  },
  "RandomForest": {
    "pr_auc": 0.8622748060998633,
    "roc_auc": 0.9514541677672756,
    "threshold": 0.17,
    "precision": 0.8349514563106796,
    "recall": 0.8775510204081632,
    "f1": 0.8557213930348259,
    "confusion_matrix": [
      [
        56847,
        17
      ],
      [
        12,
        86
      ]
    ]
  },
  "XGBoost": {
    "pr_auc": 0.8746921222015075,
    "roc_auc": 0.9779613801063476,
    "threshold": 0.3833106458187103,
    "precision": 0.9325842696629213,
    "recall": 0.8469387755102041,
    "f1": 0.8877005347593583,
    "confusion_matrix": [
      [
        56858,
        6
      ],
      [
        15,
        83
      ]
    ]
  }
}